0.119709413211595,0.9101387358773104,13
0.6588303632040695,0.9436935547167159,18
0.1752035008974192,0.1819442669177832,22
0.7028347815134866,0.1408896339102459,28
0.6869226082019193,0.184275590498867,40
0.18466275330742177,0.9536266856258478,49
0.30920076124050655,0.3985991526560887,67
0.5392874943426587,0.8808423423651898,71
0.514940015901692,0.8726933147243964,89
0.06962636605445138,0.2645040541631718,101
0.6290298094107829,0.41286966851446316,113
0.691739423169305,0.6004409373333934,141
0.5222495157298112,0.8479234622944635,145
0.4607117216808332,0.9957956213814988,160
0.7869616717651406,0.2668086454645139,162
0.12226130870048602,0.6843795768722587,173
0.017781006957148016,0.27123169900959,182
0.7407501995218956,0.07661913057856307,185
0.8625300296015934,0.24800790135192097,187
0.24487284197292858,0.48565014098142356,188
0.04579899110366681,0.4448122058034404,222
0.22899006678748268,0.9656879226321959,225
0.8714332677609649,0.3928086707212063,242
0.527843834283578,0.5706212851391258,259
0.49086434635703746,0.17079759861997712,266
0.976799186571604,0.12704959743115207,279
0.5750207609446926,0.16570080086476324,280
0.4156096402437025,0.8628868143174806,284
0.7151150190823762,0.5800608533448186,295
0.3869084409620154,0.43663148345138136,296
0.9256235442903015,0.6650949027972511,316
0.35486923687535543,0.44545004834925817,322
0.7152405755142147,0.4796196976495618,325
0.3119139997163629,0.13420481149382169,337
0.8915874764253672,0.34115839688456573,351
0.5631680340558322,0.5175467067604541,355
0.15820540111230552,0.8946438934325781,359
0.7349154935085551,0.10860010460212965,361
0.16791350984333353,0.4030378463342764,371
0.8435714446144539,0.7209490394846245,391
0.6166890926125915,0.9541322459926631,393
0.869249052264876,0.320522893201167,415
0.9132032257052048,0.6923933098964965,422
0.6827760902916069,0.02869722442362521,424
0.7489889173649492,0.7249647173657057,433
0.4902668813444735,0.3552820699052883,443
0.7774893458967655,0.4442599413225661,447
0.16471184145316375,0.08293274147477114,450
0.661298353306458,0.1069164635642803,461
0.2399578278193779,0.2719949024472995,510
0.2225715762573659,0.703500879276798,520
0.7832913260785718,0.5640696673861081,531
0.1294118125484498,0.12878134927391094,539
0.35806361947338394,0.6597316021950395,553
0.9615726311864469,0.5058630545536883,606
0.7397760938474781,0.218740290627496,648
0.5599261067467979,0.7770389323663455,651
0.07123317067802837,0.8153638496437554,661
0.887617947121153,0.7614182211463124,662
0.4343071116958306,0.3469880169507551,675
0.15486980292342656,0.7944459036474052,677
0.418079334318299,0.6492104048951185,683
0.34633180330133395,0.006034557771818494,688
0.9843458191256839,0.2949084540017949,694
0.839662990698269,0.6552873346672463,697
0.9073029563871439,0.45970387233226107,701
0.5011530203726967,0.14555219613468262,717
0.869027248236562,0.1352922653784947,737
0.28888342930817534,0.40047820918770094,759
0.04240209837129183,0.17513561291900337,777
0.6122615943098417,0.7829743581883664,784
0.4685422522731415,0.554114657638854,786
0.9270072218168016,0.1837469988145728,794
0.1574574272395296,0.2522043563124591,797
0.3984532307682982,0.654549329774764,807
0.5194537942938784,0.7730982885535309,813
0.5019970793922949,0.1657925482555942,814
0.6554274556660238,0.16429134462403505,838
0.2862042630883359,0.32211158113969385,840
0.8405465429500272,0.6875371029657028,849
0.47790014644096834,0.16126834804965795,859
0.7357526271906327,0.7926920985207752,864
0.7882363952501668,0.8472916281940175,876
0.5522677728925016,0.6851892142716675,894
0.18656489057886283,0.28863228542522434,904
0.8377944847919879,0.3027526321308204,905
0.8653696753182925,0.7713013863207439,914
0.10104257777434111,0.19033723033274563,928
0.18020207284055978,0.9655446945084142,929
0.7276481013912143,0.0963668873414274,961
0.48222587592893873,0.5041620953662839,967
0.862614894925869,0.21945384190144623,977
0.021692365898322352,0.755670435146803,1005
0.27816061507383116,0.5797493567428279,1007
0.776040591542806,0.2692409029726478,1012
0.7050850887821091,0.020266823130288047,1024
0.30292744873982613,0.833729114679434,1027
0.2883304855034331,0.43782172321680024,1046
0.331642848718842,0.3687968618838441,1060
0.21632598866911257,0.09228890978847848,1061
0.043561479376955536,0.9971876138088744,1066
0.8101836383307373,0.7715293363840956,1069
0.5860158698748357,0.23712366284257813,1077
0.3258240991004506,0.7441828774545632,1096
0.24847080090963536,0.7961281458461774,1101
0.9400772669877407,0.5752685181133251,1114
0.39559944008838044,0.3194547783574707,1115
0.23102896980763576,0.012302149950496277,1136
0.6856086067468817,0.5119020262337469,1142
0.2270876812551873,0.022240354957196895,1145
0.6050434774817566,0.4881090698113757,1151
0.4831061840976061,0.44839552871600985,1166
0.21988608552535327,0.6488733078524517,1171
0.7465352846686857,0.4707152866619153,1196
0.4588046394738232,0.5043591264550619,1197
0.8080071347491622,0.3740094088740664,1202
0.7052605609970422,0.008237302391020385,1217
0.21143076711011954,0.9194107890792959,1232
0.6783786726617251,0.8469606924013297,1237
0.9518065910258334,0.0670854105053299,1253
0.20009629949095387,0.38784704682399007,1256
0.11477563529374268,0.694842925494105,1263
0.40337720713161296,0.6891114223102667,1269
0.3602161752348185,0.653615043245515,1293
0.610270165462642,0.5709202868210297,1299
0.3058056127386093,0.5205836969463723,1321
0.4984280196716434,0.8025227751598064,1323
0.9961681658106974,0.2799508599475041,1324
0.6147576273986071,0.9746972617226536,1331
0.49915422344089755,0.8666588508487231,1342
0.3451962349395047,0.6258553547475628,1349
0.552016423464643,0.825493606680017,1361
0.32086510592123374,0.7782455998607146,1362
0.5134551888031438,0.9150849457219481,1391
0.5096119019157576,0.779142284039723,1400
0.3967069193987415,0.38273959193934093,1401
0.5095297570177494,0.023530442673190932,1403
0.6592026754305548,0.9876729244942314,1413
0.049010747976086066,0.6564283862656995,1414
0.21200171909576881,0.48242625944152784,1431
0.5349985943881626,0.5946764841960394,1434
0.3751132265317575,0.45186842755786527,1440
0.8669423357956323,0.4817754568171789,1454
0.6207474114234999,0.9327440237960906,1455
0.8637094849820527,0.20295723429938728,1473
0.46157676607371656,0.06911922847826535,1476
0.29243354420762013,0.3150008376049911,1478
0.8453292194658982,0.1696764876593534,1488
0.44282842515359555,0.8454592492870564,1492
0.16809405427714574,0.8327859224836343,1493
0.7066128029547902,0.5007286561823001,1502
0.45893611506032084,0.5099390933709093,1514
0.23460368349765515,0.24133591188369374,1520
0.2496364844046186,0.8836191649656739,1550
0.5720283282282448,0.9488624995951425,1557
0.6028233670648536,0.7239744587336375,1565
0.5821646643105308,0.7230005768415753,1572
0.3961072907936629,0.601591957452694,1582
0.971630114018531,0.6056651840728158,1598
0.4032515128200874,0.06781189655698183,1630
0.35316646520814643,0.2735718224248912,1634
0.33694048578262414,0.257426949467102,1647
0.06403774110715355,0.6429534629240847,1686
0.9583292632164119,0.4674849576889356,1692
0.261591339412653,0.981595283142498,1706
0.3263808144159037,0.8783956373067365,1715
0.6093370740349056,0.600127999726195,1724
0.11193666524261936,0.7700422718959284,1727
0.22326993051173893,0.3734137620327028,1741
0.5419826559016347,0.8714713312011672,1759
0.5856155508216527,0.5303122438770368,1760
0.09067571175451505,0.49959531671394086,1764
0.9195164586850156,0.16993101009634837,1766
0.5403152990083816,0.4054857278561804,1772
0.21004692471021735,0.5934273824195772,1778
0.2760653862988224,0.2353547526610883,1781
0.6967220838325563,0.26831483726643757,1792
0.07811046699162472,0.02760206960973899,1795
0.4742333865616545,0.4926212670016744,1800
0.8525129589476795,0.7913036277517653,1803
0.7080483881034298,0.8445341506553012,1812
0.6800576592745553,0.4740535517353853,1815
0.9451713192239067,0.8713776119745869,1835
0.3391604895563035,0.626604224841214,1853
0.959431857935311,0.8784967283183749,1855
0.7097353479391282,0.29286696946931534,1878
0.9139304540199152,0.29974716381806366,1886
0.43985658225446067,0.8663488731585564,1888
0.7435388477284103,0.4693646998098234,1891
0.07948153070244957,0.03685758462544686,1898
0.4343714645875394,0.01208805410186331,1899
0.7277192128112756,0.6946491831398923,1902
0.37311679581624835,0.13551086213657093,1930
0.5333740305959468,0.23858734927624337,1932
0.5305303862100473,0.9140524113571554,1934
0.554888271235712,0.363137616559305,1946
0.508311639899119,0.9604791958840665,1951
0.21242122362618,0.07166520726993608,1969
0.9139213691415309,0.04232551294411413,1981
0.7780547210976906,0.8589366906607957,1992
0.29040548940682553,0.4659513113046647,1996
0.9406714878585741,0.6759280293874643,2001
0.3821206192734836,0.8242869765947987,2004
0.2743600146006767,0.9669628681121771,2011
0.3876978844635046,0.925635268452155,2014
0.4699371683250686,0.48238602356262583,2033
0.5727859563247826,0.7804541658720376,2041
0.5373549563344795,0.13357217521406162,2046
0.8850624818928485,0.903940374671173,2084
0.21400890844596254,0.8194421850201691,2097
0.162721381606026,0.3410109519573423,2098
0.6286182049908559,0.5634267978712728,2100
0.5762790896399931,0.09958183529272446,2123
0.055270789314411095,0.4280522950339103,2127
0.1356909023651931,0.3005266887680934,2180
0.12929651508285123,0.02718496950897631,2190
0.2872824423759116,0.9279245782274953,2196
0.032640317795448404,0.9727395367646097,2219
0.1621926712967402,0.5219463445746402,2236
0.20248320572049827,0.5948583592407587,2243
0.5697402753122026,0.03958700060649445,2248
0.10472824656555169,0.7351244745222201,2262
0.4688467224051628,0.08906236193215344,2267
0.1481446368634458,0.9134534011007033,2281
0.5006824988199104,0.5321666652135981,2305
0.7956963701621457,0.9074865868877984,2317
0.7441701377148825,0.8731945040436564,2322
0.9347664925983878,0.7193775273156363,2323
0.6386340145454622,0.8235820954634375,2328
0.1408944521272577,0.7241942656298264,2336
0.3770275617171843,0.06427167411844736,2353
0.6601471162816167,0.731311149364801,2375
0.7406743355358998,0.2054274435602116,2395
0.6686668835350588,0.08927408327882991,2405
0.6409160132977132,0.39794736750746906,2415
0.492292737643795,0.30578475244519376,2417
0.286351660150275,0.20958704132710781,2419
0.9509877761276493,0.8160673385203501,2422
0.11879625751052059,0.11259673249023683,2427
0.9784368608031044,0.8293774161832497,2428
0.021881533101469564,0.5545349822760223,2443
0.8844389902716191,0.16170104211008052,2457
0.42163493824125764,0.6791409662069413,2459
0.10170122451796804,0.4993148074843624,2463
0.02775387902465798,0.9107368236740854,2497
0.09304741174696185,0.5644109032824344,2510
0.6436877051758134,0.1623387232758905,2513
0.35419834564375563,0.6494461980830133,2526
0.3446702320702111,0.6995957557874141,2527
0.20387842223268204,0.5327929839430504,2529
0.8478660675563056,0.6974362865359869,2536
0.9798764096321599,0.7854975240633878,2551
0.8958727896155725,0.09250079032670189,2556
0.44315269894197273,0.04977153756549002,2557
0.8992108451252893,0.45710698881535705,2558
0.09268191265821435,0.2219898414452065,2559
0.8250218877052937,0.4439805693319129,2560
0.2666075888328727,0.8824296878659809,2563
0.19990612609461944,0.37167503468649854,2576
0.8674941991937761,0.6617469851720161,2580
0.850095195444383,0.9633650638094101,2613
0.17584769636830344,0.6002649434129,2614
0.0765724094125465,0.2113565174211426,2615
0.1256172796129863,0.7671738287397377,2638
0.8137383865149723,0.4786742059750313,2649
0.8484639583070376,0.09381739417129331,2657
0.5478145763560861,0.17685896465793816,2659
0.9483900924430121,0.3027998000264529,2663
0.8000610381326929,0.08286505963595603,2674
0.6657319171759181,0.3527992957151431,2691
0.428258934747909,0.1817175243097633,2725
0.2984251128869828,0.20362431980972662,2729
0.7273636635965112,0.39819149477758886,2745
0.4697860891465806,0.4718854608912397,2751
0.4783514489218097,0.5668169062443184,2752
0.13838649331233976,0.8308726108534352,2758
0.1531508965231183,0.39361408567393974,2766
0.8141398761369708,0.062492108673874114,2769
0.6208435238069225,0.9585974864003697,2772
0.8663555946677609,0.2690385907161985,2774
0.04781648331867838,0.2188403988856743,2780
0.5676619288791552,0.048425709605478984,2787
0.7837754843256038,0.6732146043472211,2800
0.43881546026913,0.5213095763966562,2813
0.7233531089325145,0.688113049650777,2833
0.7859202726813049,0.8252792915690687,2834
0.10348230379912349,0.9645503610364335,2836
0.5012532446319529,0.41685419321188544,2840
0.6105412788985252,0.4073739502218311,2857
0.5437935647756152,0.5411005180876016,2863
0.21825115154581898,0.4489254987290002,2880
0.881745740699909,0.00907644396328855,2893
0.7327886179130487,0.48255301671950745,2897
0.017899899798942576,0.2875526455416373,2901
0.060321062230241584,0.029730403072432132,2904
0.6636609749822822,0.33797057719547674,2913
0.3541730124668869,0.8712124659050072,2931
0.6070728454617129,0.1810740983416922,2943
0.5723464701677818,0.5002442891798973,2950
0.8399829237095805,0.42909710410734403,2960
0.21674382687144955,0.9180493939617165,2964
0.8281227271286744,0.9868793639458501,2969
0.2734626678016697,0.05766508449009622,2991
0.35403718341201773,0.9237984637177856,3000
0.9003531691013946,0.5562762431168692,3008
0.20520061069737372,0.9771429061097183,3010
0.15066939351795483,0.7479154771432338,3035
0.3456531060101752,0.043998753867928064,3052
0.4375279452176478,0.6995433928190194,3059
0.6260200048632589,0.07555328301247599,3110
0.7407052067685161,0.9730393883042308,3119
0.44039675010750334,0.6666880451993935,3125
0.5725080966278016,0.8822750683203909,3135
0.6199962376598567,0.7407439454298568,3139
0.669187951540443,0.18979827557445617,3144
0.8315252592532768,0.8552375738360061,3146
0.8532382127770693,0.7668014420591773,3162
0.46768230776456454,0.806772660713875,3173
0.1727705425101379,0.2107695276118947,3188
0.7105338563118075,0.08569394691838061,3196
0.1370890845734598,0.46557062888938117,3199
0.6452755573613099,0.8011446087767503,3205
0.6996791898129117,0.81042539621194,3207
0.812395299441177,0.1913419324936324,3213
0.2621910222049847,0.7840592122114032,3220
0.8481506200036625,0.6470980499315532,3226
0.6905949840637955,0.43679707487586317,3228
0.2956706149783864,0.11921332442452937,3229
0.1636060803831021,0.5343096457601867,3230
0.3187519205278154,0.8119694223432099,3235
0.7600503814807325,0.3230540146487203,3249
0.3927431757537987,0.8356665700149536,3256
0.4861533834589562,0.19293886772572688,3275
0.9536277485699377,0.702144903043096,3292
0.4117284426421005,0.7568889957966634,3311
0.42010106418578497,0.05266810724178861,3312
0.2809863523117352,0.497572371503758,3313
0.24298495327217928,0.7549825005387649,3328
0.9882112946576492,0.13513276945571417,3329
0.5676295084131782,0.7155123934606216,3361
0.2009138759972655,0.5255571873789631,3370
0.8023804559280199,0.6612744726821346,3371
0.4807080151553672,0.4840246177450206,3381
0.2071019940071639,0.7660643286369262,3406
0.35147706436429327,0.18658547409096116,3412
0.16202940804622168,0.8675534817804617,3419
0.14626094900780084,0.8120803054486574,3425
0.7749114134029145,0.4455468107018995,3426
0.6522802409129242,0.924082839366102,3431
0.9698693832127322,0.827896462300095,3432
0.2415994422772979,0.693749154045229,3433
0.7852615538353179,0.5162866027371411,3453
0.5266999025677782,0.7053215176858478,3454
0.3938029961179885,0.6313744035742266,3469
0.4905677751399228,0.21511442747929255,3475
0.6773343965314615,0.9141245665005356,3496
0.9101356145220428,0.3769820681363203,3499
0.4093143660395735,0.858131866007037,3541
0.3546386020563873,0.9068910582528233,3543
0.6154816321149608,0.0963076178232819,3547
0.7424201182187905,0.9560579992412541,3558
0.04831759593715057,0.28954604820439,3574
0.17480729328220534,0.37515202446758156,3585
0.7605729527656377,0.8382682137359366,3586
0.5404371066784328,0.8101491043374832,3587
0.6527582986915531,0.38012798611791776,3588
0.9964157657651176,0.7197234943499935,3589
0.25410188065273565,0.012168068784586317,3604
0.6829904661661044,0.40101576299390296,3613
0.7192692375317585,0.1538260999532488,3617
0.7952331318670323,0.9086656318895024,3620
0.028217836570559762,0.2576295013765453,3634
0.12411302606974017,0.006005102862025602,3639
0.49532074409374827,0.43379243247352783,3648
0.3944011509918678,0.07231260623218272,3654
0.21947042316813248,0.7211165405381017,3685
0.7771218419617683,0.533955833487104,3695
0.010166244311252681,0.7876301687129732,3699
0.9965823464966657,0.8215815107905855,3735
0.4381297184716135,0.8281382443541058,3736
0.393211052106622,0.3211427607094194,3738
0.7192296687429864,0.18225630568277496,3749
0.27967974632609593,0.15414793044940622,3757
0.32819227856265476,0.1169163096967657,3767
0.7769136957960667,0.25088082715552384,3768
0.5108264954632229,0.1701569593843929,3772
0.6296384918068415,0.9764431198495579,3774
0.31463527142087133,0.9344867502494948,3779
0.6474235143727541,0.7057651322246544,3790
0.32289176690415444,0.23362153959038934,3800
0.8549300995579409,0.16298405920309134,3814
0.5873045402363869,0.7185746107722235,3821
0.4177712209249659,0.3700381303047896,3838
0.5269379568141999,0.6333134392610901,3846
0.662734673032796,0.3530767463908451,3852
0.5175013552260248,0.15672500524433108,3856
0.6446401422221489,0.5978362976918489,3858
0.4406327853035379,0.6933482470677976,3862
0.2972431578832896,0.42799587800786376,3870
0.4645103859691545,0.37247963805500917,3874
0.4123952299019559,0.6838441100259414,3889
0.5330650602768623,0.7182661528588057,3897
0.3345997128338629,0.7587680948837146,3899
0.2368113659865998,0.7311710295707379,3914
0.6391840582101819,0.30883768405719403,3934
0.39881450371855853,0.023622199567248425,3940
0.2673904273413803,0.4655113368921915,3955
0.11362891490875904,0.9330454606908197,3962
0.13709924357609204,0.6146123238029327,3971
0.9932810106702551,0.5159051899447056,3979
0.08611127149860376,0.8305927596400752,3992
0.0277147226730583,0.22385607359988502,3993
0.9909677862856553,0.10714213133812278,4025
0.71270016026305,0.7720459294811303,4031
0.6506463230802558,0.021419137044466074,4035
0.7390865167915375,0.4137368119507986,4044
0.45972749429824245,0.8936717286632715,4063
0.1956676988672581,0.9998311256451782,4067
0.7460147001570848,0.10800909675787274,4070
0.7495626600422494,0.6267816222775133,4071
0.2554278926858863,0.19862517098253274,4077
0.9480054587758213,0.9403919846629022,4083
0.36008687334758227,0.7345985798480723,4084
0.9001832941831154,0.8203483736422145,4094
0.6196176763464165,0.44851559656110096,4095
0.8162817385318202,0.8967841034159526,4105
0.9569391482408088,0.7453450398601367,4112
0.5504551062058548,0.17312664594137817,4113
0.6918845055676487,0.13722062302488913,4122
0.6790689910508191,0.6302490084004859,4126
0.33166270917175744,0.13583795483442984,4146
0.7865349062978632,0.999165296800625,4178
0.5502060647914416,0.37651209128405183,4213
0.014401951533039026,0.8652041045302896,4214
0.9466843174328003,0.11037287262554707,4217
0.377345081531139,0.6141984188834253,4222
0.6038015045924433,0.6114346140562457,4237
0.16957862720656802,0.4501906649566305,4250
0.4476942691142196,0.7235073897492766,4268
0.10527529421287352,0.6345740525621145,4271
0.9925918475317459,0.3358417583081317,4277
0.8517584780534427,0.755099078745274,4280
0.566985097275487,0.5829123148232099,4292
0.5879459581584964,0.7915012850334694,4294
0.4119453048838875,0.9396532905243333,4302
0.6476823451900136,0.31077110063560975,4307
0.46471783346882023,0.10012901011455566,4327
0.3870533502586776,0.3920689201102895,4335
0.5847953171278368,0.04674854062762446,4338
0.5142875756510487,0.260344152290799,4345
0.5595880601622316,0.8052737009351584,4352
0.828682399058711,0.5831391692353918,4364
0.9060357569852885,0.19859032445892377,4372
0.17303881940807886,0.2830272468666445,4376
0.057215159959666306,0.48287419175838675,4388
0.49580118990831823,0.9663804810342137,4396
0.526615348073876,0.7015059442196651,4405
0.5570152521581373,0.6842183968057077,4417
0.14074060575738967,0.7510626870338415,4434
0.402021598960288,0.6145794078293847,4457
0.10654687059581303,0.2438733319149653,4466
0.33062370152120957,0.27152341526506796,4478
0.4274714082311666,0.86706968611155,4482
0.047502270940849134,0.7867454402111678,4489
0.46123131399814365,0.009641489389896174,4493
0.6284897050999247,0.08796437766916221,4495
0.38084263114570194,0.001289399425032367,4498
0.8959965614211015,0.40272754337943606,4503
0.7475954096006009,0.2395789718562178,4504
0.7804680288657408,0.6165577438156402,4507
0.6016498317778195,0.29076535705606843,4508
0.47920063256632406,0.01535871743552042,4513
0.5503086299640711,0.765052641761709,4527
0.19554857040269258,0.45327476649172127,4530
0.5625993225670485,0.6506875607268026,4531
0.9295461802492268,0.44524194843669096,4541
0.7512493447858073,0.17102679752068906,4547
0.5933946502349483,0.5128945673871627,4551
0.9020122982848426,0.1283865927398129,4567
0.4158160447125796,0.6700358435407467,4578
0.36002050819304987,0.895583634904761,4586
0.8728135662869269,0.024600187148705155,4600
0.6816992531706979,0.25793994559013433,4608
0.8075986600975226,0.3712014473542963,4615
0.03461894310957614,0.7859847033117353,4636
0.8928114474121445,0.6077834239376446,4638
0.43721060170235315,0.12820565057432998,4667
0.3034428175268452,0.12314804656178613,4675
0.9486432772485777,0.08745412407214193,4737
0.7867305905950291,0.3688209657003152,4741
0.3114931762644434,0.6665617145998367,4743
0.9021305117473953,0.9414176413092306,4755
0.3755138520472462,0.4881447078923129,4790
0.6514897270759618,0.7050822818999857,4799
0.720997999137156,0.5486761215962302,4803
0.3853776803032314,0.36525709253312055,4810
0.42370479747970424,0.6838465183131431,4819
0.006399016638689137,0.012775509574301402,4822
0.19809391345919403,0.6420895974812462,4827
0.04760294411798094,0.8618581298789888,4832
0.7563117814021619,0.33502275431835205,4838
0.8807852038779725,0.775655824137457,4840
0.9619102424391988,0.34181242265225753,4847
0.30484472510405736,0.667201874339167,4879
0.5825404728698615,0.750516226880433,4925
0.23383362970953336,0.673192346912187,4939
0.8176514779845181,0.4054002685804088,4944
0.9483583527411045,0.35614199431724003,4950
0.46921193120397675,0.7184522024038205,4956
0.10301298434343442,0.6898288250072078,4989
0.9934048514173222,0.5754126316463302,4997
0.9481722706150563,0.7680001178989506,4998
0.7105773954741365,0.7570153880976609,5010
0.6836747705570568,0.10568142945560532,5012
0.1085635436000909,0.06068651509554057,5037
0.9263865072215519,0.9068760031790334,5044
0.3875981363761324,0.4127114750249594,5059
0.12460141411357095,0.7268330109765332,5060
0.4539057205685286,0.11595778874413054,5061
0.9051836777510264,0.8560023598335817,5065
0.388089318784846,0.5698410329932091,5078
0.9201598037682307,0.7467986114889688,5102
0.9053240022677933,0.21710310138852207,5114
0.4950071964842787,0.04712896297095581,5122
0.7234577587862774,0.40831015649688696,5127
0.9893068403831256,0.605831947342535,5138
0.9308435494092417,0.536575191104647,5144
0.9204626735957274,0.530020557049593,5180
0.17988989104959863,0.6946552709574195,5190
0.3542685870351264,0.43168266610112893,5192
0.15843142720246928,0.6775615036413891,5198
0.3502313971911134,0.5955871740761283,5212
0.9415733273835585,0.47819182557871076,5213
0.7190333220873514,0.1547486598772425,5214
0.3760461603430878,0.10667552191547802,5239
0.9539092910414677,0.7538286553970655,5246
0.387332041539744,0.18610792911077967,5257
0.2369917328259341,0.4053154780152497,5268
0.3030682208717774,0.18952521336686023,5273
0.8415453051596662,0.03785431025381769,5276
0.7660461143650306,0.9448774912539474,5283
0.08457920392110074,0.13404803069286286,5296
0.7412960068189518,0.716781404080817,5313
0.3698659450381242,0.994384183356852,5315
0.5427580620808314,0.9016400172254897,5321
0.5566064913490757,0.8128407715980887,5341
0.717122445051831,0.3229601910586136,5349
0.3672909610983168,0.40590717225262507,5363
0.4817685225060193,0.3059896417756709,5369
0.013960424871099275,0.9686648382785236,5372
0.11922435021539057,0.8760549976639679,5374
0.3318414200169827,0.5275588801805607,5379
0.5572391970296832,0.07940355941524146,5387
0.9286103989833657,0.1793730242234166,5393
0.19263461469602394,0.9924157879052656,5405
0.14521398574363564,0.08847030960959745,5416
0.9470883906996784,0.5506369355326683,5440
0.985178298193091,0.6239636679608714,5454
0.7813454460324001,0.645811993664998,5455
0.9237718100486221,0.3513866201188518,5470
0.9410013638136069,0.6345574565808783,5477
0.8763636524003203,0.3981513989707477,5480
0.18607059690244354,0.7539273683548074,5481
0.6554496640026106,0.5761439202385208,5512
0.25685163081857765,0.03724666743286997,5538
0.41487915511082574,0.032895679419341795,5544
0.24052669231965118,0.4532375681902512,5550
0.0018886599007145177,0.8266190461956049,5558
0.44788286853341663,0.8714760571250076,5589
0.11255373131703494,0.20150085461729994,5593
0.7334808819180083,0.11669540228632624,5620
0.24440819968243455,0.1052048809855789,5626
0.7112253129523788,0.732759513001178,5627
0.7998561747411826,0.970277944472854,5633
0.2013852444033961,0.7487882108186916,5634
0.4478920083452269,0.4637040233077464,5636
0.32159717591295167,0.1824333711350089,5658
0.4787104126313457,0.11610128417243115,5685
0.16429812602292881,0.703409519066927,5692
0.7906756296943775,0.2144007619768712,5699
0.14246956911495878,0.2230652335476322,5707
0.5351903877689793,0.11079366985395322,5726
0.9519476836641377,0.8006855712592653,5737
0.12444920233146395,0.4918777063133979,5757
0.23342632187359869,0.22107075572289225,5771
0.9790064530094335,0.8867013716574427,5772
0.2666819625251191,0.3247770948689669,5803
0.225268317788764,0.9023568217470879,5818
0.4983109661464661,0.8966249930605439,5823
0.37308919657278017,0.05387427972732839,5830
0.3315588628237359,0.3438911136524707,5881
0.47310563539867834,0.9871129135288945,5891
0.9079696137058895,0.8063962510017458,5899
0.5184214154852385,0.5800214323334424,5900
0.8824740992041747,0.5100189189480406,5909
0.9393080500296963,0.7421520709378353,5926
0.781703612801578,0.3594629941546701,5937
0.27247170310570634,0.5029684856612664,5938
0.9207141287151716,0.24771528726129377,5950
0.07134176589362695,0.8331019982987089,5951
0.17842838472412215,0.027226644294968683,5954
0.7868416388982188,0.4215912638938376,5958
0.38335368809487014,0.5789188604878256,5970
0.5535838064419599,0.8759367969299214,5979
0.14574702288650265,0.24894729195883702,5989
0.24254137664082864,0.39882712251993857,5993
0.40923181652172214,0.28659587149771326,6002
0.8384074553936421,0.588517573766973,6006
0.6819689730644674,0.8639780694394343,6024
0.8788964385544689,0.7178546255880525,6033
0.30757134991698787,0.9274404834884701,6039
0.34335947587916715,0.5683269439598333,6043
0.5804148437191525,0.7503840658333754,6057
0.4392602954996113,0.004793789408630289,6069
0.31209978886442524,0.12088551158006677,6084
0.765597127052028,0.6722111017090853,6085
0.006060213547927518,0.9686230939279996,6099
0.42762768536913176,0.9538110627685196,6105
0.5512053270738764,0.21503322126263713,6108
0.984095385720984,0.9103134905572983,6118
0.5660609743261626,0.8323268691811463,6129
0.9321993562916807,0.9765331876191278,6139
0.048245155059262745,0.622356514225319,6151
0.6400552511082231,0.05216901292681764,6169
0.23965943391399547,0.5952664273023067,6183
0.4510351888080756,0.3322024594759586,6198
0.4427244981441878,0.44552804183441175,6202
0.38940434340645025,0.003919045255314613,6213
0.9051567061387877,0.8848844727252126,6216
0.36590004148140487,0.5442180103362803,6224
0.7499708469726757,0.40701391791022323,6237
0.7378664940769618,0.5393889587081003,6241
0.5203021565739322,0.3716043488326829,6256
0.03884354562206915,0.5705738532539442,6267
0.30583653064755223,0.2048752737587083,6268
0.7820079599068193,0.0663473163920667,6276
0.1986483926811241,0.0792715158215519,6282
0.6565678269562168,0.8110182201986306,6301
0.6826746026967426,0.8674650376138507,6304
0.8734468151125712,0.43909265656602725,6308
0.506762860649764,0.8434816814784029,6350
0.41507848966472605,0.8458566985830925,6362
0.48341169944589746,0.3427395525778456,6367
0.1343267996684111,0.5421468475754679,6368
0.13385310372332837,0.11865816603172852,6372
0.9825534727273978,0.7240382515107475,6399
0.7805506162855761,0.9575876593592259,6402
0.13997921417417525,0.22990588368822074,6405
0.5982775725296822,0.3656457958618303,6414
0.7520555374456701,0.986203386324051,6450
0.47775860783583923,0.15321362758868418,6481
0.025624517428368132,0.7936253812464474,6482
0.8260733659237948,0.22415836510976672,6494
0.4736036723852102,0.18101161452182646,6498
0.22585274184398152,0.37075123055750137,6502
0.5824143673048565,0.8934748212181728,6508
0.780251668647053,0.6355911507897373,6525
0.417609433629495,0.04603339175048371,6536
0.21405829989410485,0.6355553708831204,6538
0.8770419515661748,0.13577694481546643,6550
0.02306856072555208,0.20460245863239224,6552
0.009250963721505134,0.6889025101247134,6555
0.9099272684672126,0.9936480266329173,6559
0.07930327656290759,0.5055536016411376,6562
0.6333384017392327,0.5961284660486769,6566
0.8868262333855909,0.5195469802799044,6581
0.9988386461433142,0.3347325395679549,6588
0.8012518079080063,0.9390883649929864,6602
0.13644098035288343,0.18376686765958328,6620
0.42800733347075615,0.21338252203135288,6624
0.2307771182241184,0.6818899230683547,6632
0.321099151097787,0.960172645618034,6651
0.854903835539262,0.48737369027986943,6655
0.3333212817704898,0.4997063407584662,6671
0.30551998254204416,0.7716610099620419,6674
0.9829214120413713,0.8814779325455162,6682
0.6008261951876421,0.8328325116444338,6700
0.26134897718881633,0.09913968123984962,6701
0.02105237959173145,0.4579758066563496,6714
0.478495320556393,0.7253453629861026,6715
0.9734831761322457,0.7493703771158482,6718
0.27335807776133003,0.3730165712752961,6731
0.5776148856492334,0.8632582706652627,6749
0.7576647598377099,0.5693266779568321,6757
0.05772801468957256,0.8014756515151595,6774
0.12428606835538292,0.8256292670455951,6784
0.8873659118479048,0.16844239486460266,6795
0.6796766897761631,0.5125731849419353,6806
0.41831371229386605,0.07707840782921505,6809
0.14504845805492728,0.840213631610455,6814
0.8993665912999546,0.5059349082761023,6818
0.051126364742875685,0.5659906552633918,6829
0.38024624242173755,0.816606362720359,6832
0.39053164341455626,0.8994941580733639,6834
0.23967259079233427,0.5854422848652062,6845
0.2650419944392771,0.5330003135213356,6846
0.5563156262879184,0.3230221606905769,6847
0.036066914404287886,0.41996108920389097,6854
0.9170237694804813,0.91242572329561,6867
0.8034844549310821,0.335102411735847,6877
0.4441221936254367,0.0687476753374251,6887
0.9260139962078959,0.9877024946321814,6889
0.3614755669078049,0.8128647204699364,6891
0.9828834397054151,0.9528679484666426,6894
0.029734421388266763,0.5880444209729635,6906
0.9034140602876178,0.2365053598422937,6909
0.6010349795724822,0.6197025245609444,6911
0.4583266439742897,0.4140966225657856,6921
0.7619584955521094,0.4223108502346775,6927
0.05416959469796334,0.6111749595394977,6930
0.35228020220487055,0.5987604602070319,6948
0.5409006476197102,0.23978323626511322,6955
0.6000735902008298,0.6609581089433134,6961
0.21203018418346808,0.18649107796480457,6975
0.3194858797006396,0.03160555000173304,6981
0.2937259513565812,0.07155509944752747,6982
0.9924565202072536,0.05134385335730807,7014
0.3442984401922953,0.2039586937396639,7032
0.9797171832446434,0.748256251257572,7052
0.99404036981103,0.050143181891019295,7064
0.8659792982366701,0.4843889443235757,7075
0.18277527987668107,0.6167234674700145,7081
0.9899781067455268,0.9748771175801109,7091
0.28525574252920805,0.9255293877732832,7095
0.7887173020922034,0.49506081622951437,7105
0.8038564347821736,0.5478097989224535,7121
0.07567542116755199,0.004107998584082395,7131
0.9140056611098297,0.7286911802248306,7151
0.2443308918702627,0.9640997628570254,7157
0.3461471977059397,0.8380282128972846,7162
0.7713631117527793,0.4544144730595163,7164
0.3486876985253622,0.500938198153526,7188
0.7630443600318839,0.8764689925114049,7202
0.6359968766110223,0.4600057619799667,7208
0.25082578164811276,0.46107869802930823,7209
0.3999016053674328,0.3226123294085289,7220
0.5249172348841771,0.4629136758315163,7226
0.6463476379254628,0.5266569874632397,7229
0.21549159630942827,0.9130874967990689,7234
0.2508533264734947,0.20423495386267587,7236
0.4714051357168513,0.4984131615280154,7258
0.20635205502836118,0.3085365269461575,7286
0.28124704994107286,0.9293036853866994,7299
0.3205655426514623,0.08614373197275338,7304
0.16329623547656225,0.3920065725721097,7305
0.5656778972366417,0.34360477110055565,7316
0.9743054897690108,0.988131627712634,7319
0.1993215411251109,0.6177127939861072,7329
0.25937391098017204,0.7693823159176396,7330
0.4844167488469233,0.5596854337070154,7341
0.8847067751042106,0.8346227193204867,7361
0.7504187719101576,0.9403846627204737,7378
0.34241162823076254,0.8726256511058117,7382
0.34099354304760765,0.42795750960180623,7385
0.8192781006474944,0.7941428041070807,7395
0.6875577469518684,0.004237549182590783,7431
0.760527940147819,0.2589895402708966,7433
0.2180264357827545,0.9043720503459673,7434
0.4814876118913032,0.7512104900008791,7441
0.7939952465967973,0.33868951824136095,7448
0.39693645210834383,0.09401547342141259,7459
0.3128601762306876,0.7008597177450064,7476
0.5531161383166364,0.7199437632392635,7483
0.6328419470350619,0.25136485584628887,7499
0.569722755812488,0.8366275307246129,7501
0.20904037013215637,0.19011691243757212,7514
0.7361693362042627,0.3574203037059537,7520
0.5220046643936024,0.02099015947464211,7522
0.9095119121135171,0.8533576125786508,7530
0.4766978242987059,0.3190821542832174,7544
0.8011833963163077,0.3034267221558211,7546
0.9860150233776206,0.8277435272707675,7571
0.6295900638125771,0.04122415001861002,7580
0.0477837862961602,0.5913856191155296,7581
0.4559354701333558,0.3622449679189047,7582
0.8707927338930813,0.9247807141599144,7601
0.8042327539214852,0.8723962571794462,7603
0.8402180561798077,0.599930642484138,7607
0.4351843329445805,0.7000174662272395,7632
0.8545399132935775,0.961394045189207,7638
0.8981167034979073,0.6736397965224005,7653
0.27804447132920385,0.36868046781502295,7670
0.9048449504124368,0.8785690226172342,7677
0.5239606716862103,0.47708934730475694,7684
0.22903745228155248,0.4763925736364534,7686
0.7612281848168683,0.5429724112075144,7687
0.917984442644126,0.02672631222857913,7703
0.9238590071051666,0.8714563295469168,7739
0.6373804076785041,0.09588472283284444,7764
0.20885801274658056,0.6737222532136254,7766
0.4439338707709598,0.33091149855465474,7769
0.31059370021403165,0.7211622608798203,7771
0.13002845553902243,0.6775367199092094,7785
0.1125073587287676,0.5228164189609329,7786
0.44283893958711085,0.9225099007842033,7795
0.4848783522002311,0.7971417983125144,7802
0.1063546094511213,0.8093754974984537,7805
0.15290022610680598,0.11347955377298768,7808
0.7192332076696779,0.4834071464069828,7829
0.5612210180530752,0.9439220877507515,7845
0.48606283214345747,0.667798381020955,7846
0.8052084477574087,0.8630348254866237,7865
0.7680668518849432,0.18395380535869288,7870
0.5238949858708589,0.7238124706652851,7873
0.01630177684425227,0.24623494293960946,7889
0.26960504995640466,0.5056768039177227,7901
0.25208571954523595,0.12960660301156013,7904
0.15600156849609426,0.7929745513302819,7906
0.5940969770138247,0.12263598832325961,7910
0.07381652479848944,0.6789566082550929,7913
0.17054302661701615,0.5876558947188234,7914
0.5733844912981563,0.12583892352352866,7920
0.691233617979877,0.17076824825776304,7926
0.0926083170030596,0.6069430846239812,7927
0.0030306280404005514,0.22404649954087263,7929
0.7020504557082655,0.4427041405654517,7942
0.12340915074009517,0.4895250175852981,7957
0.8606189731941504,0.820117490735027,7963
0.13250587400723446,0.9882458661326985,7977
0.43088666775143913,0.7865434950430817,7984
0.4894278946984213,0.6723757826045923,8026
0.4349555016273804,0.3406889523387765,8039
0.4943406754191213,0.6876853415087331,8042
0.8317052528255393,0.42549666171456757,8047
0.28241526516707327,0.3367742756749752,8048
0.8913382398901357,0.652405501003157,8049
0.677090777238158,0.9743739954213195,8054
0.4950696016075756,0.017147408674314413,8061
0.24310947217333345,0.5011382200956649,8102
0.9737679480059027,0.21001166616129352,8125
0.5025712399837545,0.49587287507656064,8130
0.2779423843248705,0.2231819389892291,8132
0.06398478279572506,0.721624198126538,8133
0.8851012729596753,0.39867749196173186,8151
0.015666119290346336,0.1462624998721077,8154
0.6499779249002018,0.36000904248186383,8184
0.9433799282864718,0.17628527764186408,8196
0.7731669344357873,0.787708700981112,8204
0.0261304682422967,0.8674796907799645,8211
0.23506957225172542,0.7236027058589554,8220
0.569279215493424,0.3741242743227051,8224
0.7629704070761059,0.7718923492958515,8231
0.07488301635193273,0.7450311059882632,8236
0.07096392016894981,0.33644113634782336,8245
0.2582067134818914,0.07408910464109586,8254
0.3552188111374217,0.7321237799319885,8263
0.2816051889111345,0.790877159056972,8301
0.056318870569916135,0.9981648818134006,8303
0.7025109634022898,0.5707464250775792,8304
0.6010819964827876,0.29015487161267606,8306
0.23431626196418875,0.3107919525867676,8310
0.26566659054637065,0.012179408850355622,8321
0.11069006521411073,0.09546678809790032,8324
0.9899332816029387,0.21892892525989194,8330
0.3536423048687726,0.1347123627053296,8333
0.6125517959671638,0.08953464792347299,8345
0.25735326988628293,0.23725167009932102,8346
0.9966878643899905,0.5733284560069342,8349
0.36590651510695504,0.27469601652994013,8351
0.7432046749600837,0.30333543487269365,8363
0.8175204255377273,0.42026984819417346,8368
0.2475357673369719,0.8016878616230799,8375
0.548815060158173,0.9937694804571083,8378
0.3405454498934475,0.3709012863425256,8385
0.029831129170472037,0.25442299548530134,8392
0.5863205064182587,0.21896001808226484,8396
0.039656890417298696,0.1846207001493152,8399
0.05776016869990819,0.8433869927002909,8400
0.9768423777211874,0.9223617250484044,8401
0.42386585795105003,0.5422713814632445,8408
0.3642851162713493,0.15500619756365064,8417
0.5478267986664855,0.8509015669567885,8425
0.2840516019512559,0.2308049272626448,8427
0.5274393109492458,0.5981710074669512,8443
0.11589719946610488,0.7326260412387038,8445
0.8375028492145641,0.49117529821859174,8463
0.7249252552228056,0.1047359823996179,8478
0.005902617860299775,0.5427274195700793,8491
0.1376337279704487,0.8628366783059406,8496
0.7343983706770305,0.9370192991892384,8498
0.8591808327219733,0.426554016353194,8501
0.24770898516289674,0.858023863253724,8510
0.34443945818314936,0.11173251274334817,8519
0.5418230543427516,0.5943422606477556,8534
0.30398769437841466,0.0215386926451836,8553
0.918460841252429,0.08459390479166651,8578
0.583347551169307,0.43401310871947796,8583
0.07860184188753361,0.8986817458737805,8586
0.8284666468008732,0.073912853433312,8589
0.0053445442326452985,0.895444388884429,8595
0.9634537936252069,0.10885034559875473,8612
0.8124600452039625,0.179306251410549,8614
0.9223203649585151,0.680995129648943,8647
0.7244609738225043,0.03148801215857544,8655
0.05770712362325625,0.14220218650461258,8656
0.5360033313760817,0.8463072983632903,8664
0.37674338473574864,0.018090133094634586,8684
0.42628717082078516,0.8006975527177375,8714
0.35846874462390066,0.30639730705899726,8737
0.31872297161565255,0.07106135898049493,8739
0.46666150671788054,0.863954927601167,8743
0.7881823666039837,0.3869250777679286,8766
0.8164951485333355,0.7441494584103315,8787
0.7224150192051605,0.7663913862474481,8835
0.9422900967462761,0.47333970820916393,8839
0.2752428001363437,0.38349394413481264,8841
0.5403945824074877,0.7962140414182105,8842
0.5909550761674713,0.713711333841115,8844
0.13512754137470928,0.336753878342121,8851
0.932354574891065,0.17591522127789205,8867
0.20174833706483608,0.7817195737158619,8885
0.015079498766178867,0.3685874945133468,8888
0.7537351524268743,0.5274494160383469,8890
0.16909094274458247,0.5026207029123488,8908
0.1647216458674925,0.9801531063188678,8947
0.6762028296017729,0.3534058964220208,8951
0.4008485498325909,0.17165160648134048,8955
0.6601888382722236,0.21721609144416532,8973
0.31123894351948767,0.7289655123817741,8975
0.5254981194815589,0.49035189981642313,8979
0.30048958334487197,0.13435486885922587,8992
0.02943614688481122,0.713067967201493,8993
0.9024681829763601,0.047144992120882745,9002
0.9496606108346798,0.15360707517277938,9004
0.687153959213584,0.28515180802211826,9015
0.12041359369734872,0.866292982335772,9022
0.3959290107767056,0.6769735117481094,9034
0.4205899140736694,0.07762465367270344,9059
0.6830476985531512,0.7388874334608231,9079
0.870886406074457,0.25957063163940775,9082
0.5879627057626756,0.22269689475271792,9097
0.5797272658446979,0.7173679075227419,9104
0.27435173319199346,0.5546162731164117,9115
0.33953289606256265,0.19060259487355635,9122
0.9528371542468582,0.37270487345026715,9130
0.5910633971305287,0.3375119869359047,9136
0.07378753106083213,0.7719697380856377,9141
0.3440439813208048,0.466838215551726,9157
0.5587392700494662,0.03518844496154572,9169
0.7124651574813137,0.9379666395878185,9176
0.7409651388067435,0.14198608049141204,9178
0.717925905887698,0.08214492094377501,9193
0.287649720192097,0.06109096916408585,9200
0.18159985976967474,0.3600185909167135,9204
0.027853211254528443,0.7512450354434883,9205
0.862016653943848,0.19531194688788867,9219
0.6333207998488566,0.2460239151921384,9226
0.3555065512447737,0.3203109260167196,9242
0.8091663569823874,0.4825092861858392,9249
0.7072565105919673,0.46761546072875504,9265
0.07970385579075023,0.8104140974859301,9268
0.03564226226469447,0.7301751426491173,9274
0.9284862245003618,0.621887004745533,9278
0.06991072883779248,0.30130588425394667,9282
0.2933741367469297,0.9600368812963479,9298
0.5158991261576222,0.419162803267504,9323
0.15253583941191073,0.5778848476208011,9339
0.8197270596144356,0.12983511381072077,9342
0.8675979489477574,0.7559358993615818,9346
0.41232359223178916,0.6944866127764779,9367
0.46191012015033006,0.8781832467069287,9377
0.29438335527483483,0.757249649724652,9389
0.13504416371218564,0.4166558737091357,9393
0.6464594130277601,0.9587738389332068,9398
0.29680269490783573,0.46488557361547045,9410
0.560319062304615,0.23340743121236152,9414
0.7746354479259057,0.7310173572107136,9417
0.6054788051487239,0.5179956940118412,9423
0.9396308420712253,0.3945226079644236,9445
0.6585643771141675,0.5281758281376661,9448
0.2614200487799876,0.6663318271402756,9456
0.8785973746354705,0.2657970900846205,9479
0.16251033351374455,0.939906825788249,9499
0.7653653693070309,0.23701257307285162,9508
0.21671898102098464,0.8644335325394408,9512
0.930705135223175,0.16445912902460857,9515
0.384621741212424,0.20277570389339616,9521
0.8590039642720432,0.33838423831295394,9540
0.8584239255872523,0.20164123092992714,9554
0.54298776664609,0.30849124989163945,9558
0.034972164195519184,0.5225423080437998,9560
0.6874335204006664,0.7378567342465665,9563
0.5859808686517429,0.4674150936479271,9589
0.4938172390266763,0.6105697685422445,9590
0.004561100505316995,0.8745637016336676,9595
0.3492689967309256,0.4738743997175229,9604
0.27378982841080934,0.09179854388413611,9608
0.7041053687279583,0.4945777733298392,9611
0.1632389060823337,0.10329709386901431,9616
0.613307735162397,0.43131859002445405,9655
0.5141127966851793,0.08791970493814771,9662
0.7769042177881497,0.39812312669708017,9668
0.49192125923061625,0.331808937689943,9672
0.7746353821738498,0.8217603033182455,9677
0.7921114634790619,0.011073042525209909,9682
0.9611741036525123,0.9863991004899505,9700
0.4875931985174561,0.313449325754536,9701
0.09998087642709308,0.6056042004600579,9708
0.31030697361297277,0.9706993359034624,9730
0.2964457379718791,0.17287938280680193,9733
0.35413946044742095,0.03198044368649733,9749
0.3932434748990594,0.1704777486912571,9751
0.8419023380971682,0.13879437744289636,9785
0.4641618151901581,0.468130733272089,9795
0.47245534181125215,0.7941913296050879,9813
0.9102539345187671,0.3003217914754076,9814
0.35837584893230223,0.9493726295477836,9817
0.42947367581801,0.30255176903939984,9818
0.5588168684621705,0.43592021124782854,9832
0.052411939252602235,0.5803769594238619,9853
0.3269865579511487,0.41458364622956767,9863
0.26313338555335797,0.7510252564663736,9871
0.9384470418071714,0.8659841702801683,9873
0.3877003937093292,0.6152489128783087,9892
0.9258688843173798,0.6264113436334238,9899
0.36312785655717983,0.8022435980326144,9900
0.005802661821518784,0.10557689480222676,9915
0.3268682601374524,0.8441600923209299,9916
0.6983704792686509,0.939293516524604,9922
0.34165952639376906,0.7939808238669847,9926
0.1251506366715761,0.451119619144691,9927
0.8875376242073393,0.6741268034241662,9928
0.2510908571131619,0.2480091246953019,9946
0.37790996161410295,0.3501970655954687,9948
0.2788604746712259,0.7942853847490011,9969
0.2112121998852301,0.811260078898648,9971
0.4338802919007547,0.8692127296340121,9995
0.7546141199556847,0.29076198094415495,10013
0.5029007191534228,0.9006013465005048,10026
0.55924385064385,0.7979186693130405,10028
0.09286277110860641,0.8837703279481604,10030
0.22161777308772257,0.23609053901743615,10034
0.7652140668400826,0.34760592197961615,10035
0.3110776736043974,0.9307618354491345,10053
0.12084533049956525,0.8920644144588629,10056
0.29515299670330175,0.9768742536661076,10059
0.8123153284342752,0.8739506370247409,10060
0.5099536511887587,0.13624385234540815,10061
0.12775623772815803,0.01886206994222439,10070
0.698509453957138,0.8146402380910552,10079
0.4712034489407442,0.29755416266362456,10096
0.3240694782430006,0.6203454832634789,10130
0.9125032604338125,0.10973455923899533,10132
0.5604187079323446,0.8978610307875029,10133
0.28569814740765853,0.853930219098205,10157
0.8753179619564536,0.9086040738667944,10193
0.17055836362917998,0.5551274347834955,10197
0.7021123023230568,0.11285839453249114,10198
0.9345408918635778,0.03434022619457522,10202
0.3634867176411912,0.5134906485292041,10208
0.7576740369221524,0.8222797241722313,10215
0.2733833773294886,0.993631412473762,10228
0.84344212473377,0.7026837746392297,10233
0.5438400021014926,0.14536054234292994,10240
0.8028944250440028,0.9931494353009057,10258
0.9668919744933024,0.6838921078428958,10269
0.865456182681231,0.9890102075032818,10275
0.453623273145194,0.9805770852429011,10278
0.931139637985157,0.7777340385643887,10285
0.09852429676294927,0.5580762916418626,10298
0.22325138305207837,0.7228573003531078,10334
0.8864082311501736,0.5663201228296102,10357
0.9945918605363874,0.3958388200649857,10364
0.1896647602612065,0.5419545177938113,10365
0.23589182152750188,0.31067713964026744,10389
0.5234220219938454,0.9789991789888104,10392
0.8918459177267473,0.07172970258004085,10396
0.2702979742971672,0.0015351616430198112,10397
0.9281741415086486,0.11601334782512196,10404
0.9173465752735152,0.11984318260408555,10413
0.9703198056920743,0.5230722118518143,10425
0.26793983873731453,0.3004404648463498,10446
0.08814012274114524,0.7651978311896073,10462
0.7621944717429786,0.38297612428018046,10481
0.7829166569511709,0.19341442617461624,10486
0.9142553671553445,0.6269716713139876,10501
0.8873063474469303,0.4112648475488373,10524
0.5371220329374595,0.7725395960233354,10525
0.6650676236167787,0.899369936166203,10541
0.5812006998290268,0.9243397232199918,10549
0.08453179689668122,0.16796909047070474,10564
0.29717164952203334,0.7642171928793283,10575
0.7519083095822185,0.2195176759230898,10578
0.5792161213891116,0.3072739829981326,10581
0.629727329039408,0.6167465022216774,10584
0.22042200264502476,0.4647754288331726,10589
0.5253033947795639,0.23587339628560922,10591
0.33007016254424737,0.5355764495559262,10611
0.02160669180849817,0.9680286667456273,10618
0.5263333782150511,0.2734222955252834,10619
0.4583872494997271,0.23330721719532066,10621
0.1550861763544994,0.429368670154501,10625
0.02324612164993356,0.31956545968114725,10635
0.3975972141255242,0.5345863353813574,10636
0.2874844731875217,0.6131582515351117,10637
0.621291722739766,0.567826463635614,10645
0.09696403457936265,0.186743340646761,10653
0.39170167045015836,0.9095907618081481,10657
0.15647441733933232,0.013305428990742718,10658
0.451300596922103,0.7819330307504345,10678
0.5513211866395554,0.6575960806030481,10694
0.12721525473215822,0.4913076170365327,10709
0.3667160569393574,0.9712366883025025,10721
0.44898766679019375,0.14501530724057532,10767
0.1266565733446504,0.5033366539783278,10777
0.17711131765411992,0.6572231815189725,10778
0.14991582524417546,0.5216370561340069,10779
0.43506485776883164,0.4030343717455599,10799
0.9501914656970188,0.47792400696031323,10816
0.967327462033423,0.5222392440548477,10817
0.6411650112275482,0.4294360974724766,10824
0.08720563573944473,0.45235725258849036,10841
0.9736276108102576,0.24323529806631905,10853
0.7225942834665241,0.7237045009962103,10855
0.48521028352576057,0.959466779809636,10858
0.9366180666474014,0.6749926798824654,10878
0.5959853643449333,0.8154375341332937,10890
0.6379882617910263,0.49693365951177837,10904
0.07172781921746296,0.1708646075753829,10934
0.8001238491903768,0.4763636995999534,10962
0.8984189658331162,0.27418667562384125,10967
0.4135399111281507,0.3097955270387168,10971
0.0028378869564369413,0.7095374003813045,10982
0.5936685972729622,0.15811291010864748,10985
0.6224489440403039,0.18908578539398202,10996
0.9704294280239127,0.9432140721683835,10998
0.7541181368457928,0.5234586800805877,11000
0.07200687498834102,0.025624647493868613,11008
0.0983158656073021,0.34880303522097544,11038
0.06590176095113709,0.03136759292195901,11060
0.861201546761863,0.24071259425837543,11078
0.3373389716608315,0.29407574659575275,11087
0.23733065851560564,0.10951326399831152,11088
0.5788916256438298,0.34569039472007823,11103
0.5546867248813601,0.4805983282352383,11104
0.5777068625532905,0.9629265435281373,11131
0.038941914805647015,0.6453583572895558,11151
0.6870761569593419,0.12474440938941456,11153
0.20717156334516496,0.7482222156071421,11154
0.2514727715270494,0.3917276606628166,11176
0.24598202655640566,0.07656092725331443,11184
0.8852525784365906,0.898803271846868,11191
0.1889242298101983,0.4428067505383714,11197
0.9906065911181872,0.8005629977254876,11200
0.8585065782858788,0.4901797358182647,11209
0.7340385109777714,0.6561159452803071,11226
0.958552383302799,0.8647722065129057,11232
0.5934890081641184,0.9717144749503299,11236
0.5203169334176874,0.6993596103909873,11239
0.1265359454803714,0.09476966896012728,11242
0.6680504933069717,0.8489288225257886,11251
0.2568764786694633,0.666102115572238,11258
0.29317949804097476,0.04697225752074319,11265
0.12797147526905184,0.4995821030370048,11271
0.9306837007815902,0.7128450442734794,11272
0.6283007377550727,0.8665424108729273,11277
0.30320176582382785,0.5217364957469149,11297
0.21349219111839834,0.6551515750843118,11309
0.5455672746890136,0.8616557413143726,11312
0.23209826088763552,0.6904669009768382,11326
0.8678155820944098,0.6123574693082847,11335
0.32158636021513576,0.8347245988605322,11349
0.37724323318856756,0.25073743508750057,11361
0.3708603692626664,0.707341276775127,11367
0.4613874988188128,0.9625372126042324,11378
0.3481473477925303,0.43912433716574717,11379
0.45608883725900784,0.4506842735405461,11392
0.4052535143893916,0.7125429773291859,11408
0.8022277053316802,0.19478273048707606,11417
0.3836416781790142,0.6233581151423099,11418
0.30071559163738226,0.728085779068718,11462
0.8273183961981704,0.702197420896999,11466
0.1920622397150623,0.19326976413365116,11475
0.6337163570012727,0.08695207377966407,11477
0.16432704857377267,0.22905596257367244,11479
0.35396551756258954,0.12091205309901365,11480
0.8291732969949538,0.9871774900183695,11492
0.26013974186821875,0.28082136039102934,11501
0.6927291486377655,0.25597048716436066,11503
0.3243434840703071,0.3859599221189459,11506
0.5775020375616235,0.3088590336604151,11513
0.003070226491227457,0.4596914868906221,11515
0.8603466367387449,0.14265556763557674,11566
0.7241594754811019,0.35874899546942995,11568
0.7265407879498718,0.8485283156924773,11581
0.9925296662372017,0.06431856212731646,11582
0.6790529724826779,0.2343339835085927,11586
0.5099210685651683,0.1894509530093661,11590
0.7128742703008434,0.6279212012794569,11592
0.7135414090798907,0.1551050205730793,11596
0.38999223214387113,0.6568617072627613,11627
0.8503146702581634,0.5592739120557444,11639
0.7398578902343914,0.8784621691249593,11655
0.6060337307298306,0.40102298049293184,11662
0.6767429225708229,0.3866921316791607,11667
0.5024009183049425,0.9771473658339442,11678
0.5484940689492435,0.2035431962678197,11682
0.20376316804855465,0.42531742503725434,11688
0.22687605177992087,0.5645827160824579,11689
0.4050335231155938,0.5178564817631188,11696
0.2965212327326492,0.8143628208199898,11700
0.13707376320329845,0.2870222890425218,11707
0.7264660759822976,0.3874563655361454,11710
0.7529394486621604,0.23198233943924362,11719
0.08810418572434675,0.9379975509569685,11726
0.845647361484232,0.7052716763918221,11727
0.208926547259478,0.29222554387957544,11750
0.971337473166107,0.4755556670395761,11767
0.8818782088422642,0.020869635232269035,11768
0.1026780597447472,0.9527992541361887,11804
0.28887092202659426,0.7374464285453084,11833
0.023598675095801047,0.4700100670366262,11835
0.6798904313383739,0.03958021019207525,11842
0.29725952925607235,0.12060847790359641,11845
0.3506753680733299,0.1636299019102404,11858
0.9802804447583053,0.4034229227566549,11868
0.010406787618192359,0.19529848359383206,11873
0.07648842137803713,0.6365665564864063,11880
0.48133776648689663,0.8610718310138531,11882
0.9518494621984941,0.7587397247117941,11906
0.7476587772686567,0.8080014939162697,11930
0.3531080033766135,0.9488661682792601,11958
0.8779555626745509,0.802516050068252,11963
0.6411495627480243,0.8661246927945893,11967
0.9487531463952271,0.2136070976000255,11969
0.3454538867911592,0.43701249225168204,11986
0.9962219089263695,0.29119105724976146,12016
0.21479795257394574,0.6210392977273286,12017
0.8646022880160048,0.18184819345515468,12023
0.43877972624627093,0.923340539124625,12041
0.009615753458141474,0.8100005561739017,12066
0.38776485764019186,0.2608039950354982,12071
0.7171877917194367,0.8695189052886991,12078
0.22003643665557804,0.8725541468723528,12095
0.88475398555452,0.3100441718881335,12097
0.9203608235985636,0.3519347037549254,12104
0.3290298147446633,0.5323444234800134,12114
0.13589805894348916,0.1354752640587522,12117
0.9576109227449505,0.504744086827606,12130
0.7490309238113766,0.4579907586544286,12131
0.8290027979177584,0.1893242403739127,12150
0.48155739230186856,0.662378083859547,12163
0.7262345292505815,0.8866663307357936,12164
0.7951853308277712,0.6421826763171992,12169
0.9097955162377239,0.30960302660991645,12171
0.27209570851747067,0.7466285499689553,12190
0.8676346364591315,0.032090949162229876,12205
0.6838460933706921,0.8546914953107736,12211
0.9893047741784096,0.9691592287304012,12218
0.727899012924045,0.041214315502646315,12219
0.8474662878731188,0.7861875255758767,12229
0.2605282165548668,0.3396262025266654,12233
0.8474451788518319,0.04882663245133245,12238
0.7648076872813683,0.6433463047259057,12240
0.8203541494510986,0.7226529340698357,12282
0.9380368263399194,0.27423781213606113,12283
0.17332447483438174,0.8343680079600161,12293
0.37883983118311115,0.707671474342578,12313
0.09752072419801905,0.20508619555072127,12314
0.34211786284548384,0.006807864265831909,12322
0.6588720398812098,0.12616668682857501,12325
0.7003065621088874,0.05892353555912622,12374
0.05854474224088613,0.8399607200097842,12408
0.25979427838275926,0.4215241818736326,12409
0.7548736339625818,0.7965087897019758,12415
0.5468983762296992,0.0535510262735478,12416
0.7659185955932846,0.7253325715333984,12434
0.4875779497782934,0.0069882818455627715,12461
0.7562403218610605,0.5604352883097302,12463
0.6703606727059396,0.8857697143650085,12464
0.3081863428431231,0.8661619770332792,12467
0.21769189207636275,0.5077478255268693,12474
0.6105164336049581,0.7036512515000009,12475
0.50642022855733,0.09649814122149858,12528
0.44877460981770234,0.8391888336300172,12533
0.19246505699062622,0.6184878347417689,12546
0.5316866141453044,0.131577231510274,12572
0.3560026734871212,0.5555236507545016,12579
0.7069260007743301,0.2986145356261872,12580
0.7920243503015687,0.25007646720252275,12583
0.4678048306364986,0.5596023018347905,12607
0.8524026826070685,0.6695116445096093,12624
0.05895383071861937,0.9175457984216896,12627
0.7650207431051718,0.8907249665771637,12654
0.619625311827901,0.8014770883722213,12656
0.3574651397613704,0.3765309834580477,12657
0.9297658196007225,0.7788239698904604,12664
0.5269673413278453,0.9831831728845631,12667
0.9599974616168158,0.06604924312065963,12678
0.005654000349372912,0.08695735655233883,12681
0.7885434158509684,0.2893061512318663,12689
0.386251825396123,0.07663236163650589,12692
0.10341739510872994,0.4040672681534747,12698
0.5433620750679544,0.8681364528594192,12708
0.9147003108587863,0.5757603834407726,12716
0.7018382556289887,0.5096710219920085,12724
0.11832924128349065,0.3579786168945238,12726
0.4445019683081717,0.20583277055540783,12755
0.17763419224687715,0.5904509009391316,12761
0.8968534945825349,0.108649850964603,12764
0.3801686186635729,0.2561667108006497,12768
0.8944162487177736,0.6851267578939202,12776
0.09443014381694781,0.5564923972252108,12793
0.3895349544207033,0.608097475967929,12802
0.1750593253139594,0.8233158256003064,12821
0.08421791782527255,0.5083587378962562,12822
0.3626416941152203,0.881516487282683,12824
0.6956285488537806,0.13962631128896774,12826
0.31909208427657654,0.7776294626761072,12837
0.8496490860886339,0.5710389452607326,12847
0.8013800031096521,0.3057787984675441,12849
0.4800988621897738,0.759755460435467,12852
0.3771961949567678,0.8551996780884603,12862
0.07964139771802037,0.9228380562457318,12863
0.44575888044036005,0.8855858710886765,12899
0.9668869118396227,0.48370676268853374,12905
0.4495708343263487,0.734439785663198,12907
0.30411715577860043,0.6647872843168923,12921
0.7006982495445206,0.24425727716113788,12925
0.021851284818636185,0.9084385617875774,12951
0.9480898267313802,0.6057439023126258,12952
0.4710662763972818,0.5327822920530028,12954
0.9909585330169683,0.8018975884376227,12981
0.22265774311504571,0.9669399436700642,13037
0.7266670504628093,0.9857187429935624,13051
0.15442754550733706,0.7564921560090272,13058
0.9827101947394045,0.8214269598283463,13059
0.3306995554572958,0.7024268790441784,13063
0.5607381161953352,0.19902943595982692,13073
0.47129556872632095,0.6860764481528023,13077
0.0879788143804231,0.2355478967307738,13080
0.824967618981777,0.5879343364531261,13082
0.8457066383715349,0.7595959860781268,13086
0.9645652570624034,0.37365258977395344,13088
0.3515978573164673,0.7998341277236246,13123
0.4947258252183482,0.2696279406447595,13138
0.8966476592196733,0.8887066677277031,13167
0.4118294941434202,0.0642372574769895,13177
0.6976772561944585,0.46983841618872224,13197
0.909567297984486,0.44238225850417023,13198
0.25258142711485865,0.4280661213781961,13199
0.2379339294778665,0.29210031266036807,13205
0.18666185287494474,0.3627179371213375,13206
0.045241252430365586,0.7835033357887079,13213
0.6289321885425774,0.03092690778025675,13219
0.9850956870680075,0.2189644257422828,13234
0.961106004913887,0.8981864521824459,13240
0.333343987029197,0.29011402188811597,13256
0.5064072589269462,0.9825580160074586,13275
0.6647501786686221,0.27698399852129507,13276
0.8696099322697388,0.8841518736118964,13279
0.15028287374244365,0.8883958487514927,13280
0.7986660371302757,0.8597415233915368,13304
0.00531561067014974,0.9928172777280821,13312
0.771986925113396,0.03278525965179779,13334
0.8190682489630856,0.990985386213497,13346
0.7515337944302602,0.676668257905007,13349
0.8359455396103651,0.35671151429855086,13353
0.2645206197573262,0.8155207516624311,13355
0.3265109937103373,0.9500812628704346,13366
0.7683763359491527,0.19037790703055757,13372
0.8928738033606057,0.7930600713248369,13388
0.504650934558873,0.12168535944501968,13389
0.4506819846411967,0.1531738400306074,13395
0.48057425056186776,0.849917310701863,13396
0.006279205838940594,0.5871270089826792,13397
0.010916377126045318,0.37826096303160395,13401
0.6056294998710445,0.0931794558349528,13410
0.4189712826308686,0.26225396828485836,13419
0.0301120774370629,0.7229381706513814,13423
0.6936239576444942,0.32714905390954274,13427
0.3416883809710237,0.07095167353353782,13443
0.9328115985229063,0.19057893343480437,13447
0.4782527739769321,0.7238752272880549,13454
0.08052577870521294,0.9501078812113346,13476
0.7214039327028132,0.1039638493457633,13484
0.40162024513270933,0.12451914063408431,13509
0.9646752719298984,0.04912363858758351,13528
0.979658035066543,0.9869466111861809,13533
0.7110731500862795,0.11568650601943076,13534
0.5376438219360264,0.6795956799299232,13548
0.9968817367986083,0.9506509995614436,13553
0.21987163777946006,0.0495922705451477,13564
0.20739211782662448,0.21745789376450253,13565
0.8943166265470032,0.7871134790117934,13571
0.8674603108100637,0.7493419283112099,13577
0.06858160574878469,0.41235470897272075,13584
0.2982926715724621,0.06239244526119658,13588
0.05750479558794486,0.5747428759273208,13593
0.9917827541132874,0.28269047192590446,13611
0.15367380926917396,0.11333410050257231,13617
0.9693700880114511,0.9984454596650824,13626
0.6806558928138365,0.3278605730144297,13628
0.27727710206839673,0.036217299965501826,13633
0.5281072102493931,0.1092127092305305,13648
0.5927626191378759,0.20250861127416497,13659
0.5408467557808443,0.22950926610467426,13676
0.8524248540405129,0.5455619194448947,13684
0.8368175460609044,0.14731937045670074,13694
0.5551407875526185,0.8635195070779511,13703
0.1464853115396193,0.39405795332238036,13715
0.16464759601522316,0.5898077772454089,13727
0.9851815067007795,0.11333578278817469,13739
0.5037231347403323,0.15842112874234082,13752
0.7949936979486335,0.12400866412013589,13757
0.6233918288172131,0.35204732225367663,13763
0.1746513032231478,0.07082192217811234,13766
0.8829054127368134,0.8986637797236338,13773
0.16172861124034277,0.3386244902861556,13778
0.9884632116090073,0.9430897075366754,13788
0.4350737547280983,0.5833356565193368,13794
0.17375762550346896,0.23147951009246825,13796
0.24859998021819407,0.8938316372424141,13801
0.6837534957469932,0.5487195724493241,13819
0.7789795196188622,0.7485631456219151,13822
0.9194471275996918,0.46055827436918706,13858
0.7192698973632954,0.17327600749382588,13861
0.00904660095010934,0.4878882825173254,13862
0.7754665275728936,0.3159804467112839,13876
0.3034481662604904,0.4899705988283536,13884
0.516919311995817,0.9127751228464,13904
0.662823553251121,0.3431964321578135,13911
0.21201962660255824,0.1408621202610999,13923
0.2782227910506416,0.36256300550098985,13924
0.5845739784944333,0.36023492257750067,13928
0.337099434129841,0.2575635521767403,13930
0.687511983696349,0.4721422043466411,13933
0.08065660833024624,0.4912142167841399,13964
0.503119705772592,0.226123998803742,13977
0.8909808784761085,0.11077652721751896,13978
0.8300862699503643,0.9480749264228507,13981
0.4193165695837916,0.9147069167948059,13984
0.7676647483846252,0.407508947951004,13985
0.807585662775689,0.701111063317408,13988
0.7483725708509392,0.2064354301466862,13991
0.6466117729671151,0.4001431104304771,13998
0.6944667384809805,0.8585453223201579,14003
0.6628900231709832,0.06945172391851506,14007
0.01972330575416592,0.10332317559986492,14031
0.1722468168345076,0.7813625618668099,14033
0.10599163169050663,0.23373017623759085,14043
0.42837739568681577,0.062139072327513145,14058
0.7053781714715247,0.24329697001605644,14065
0.6101972062535409,0.20761990960880872,14067
0.557478881877848,0.6780478083069571,14087
0.5323485934044428,0.7359299821015332,14098
0.10025520599389615,0.23529030041068977,14102
0.31288436416558885,0.3989863753228884,14112
0.5414236354635074,0.32571674974264275,14113
0.23636214248584275,0.4708195176646086,14130
0.13781790190628163,0.7397514603583004,14144
0.8540357629702223,0.22846974043833357,14152
0.7092167721580289,0.9317110585493166,14199
0.5518117393139984,0.23959509945539004,14200
0.831183770140388,0.7057199699132415,14205
0.6934358296793509,0.18492653796453284,14207
0.018206825300644103,0.025575569712209978,14208
0.31570064201018233,0.6806716278421194,14210
0.997591461089697,0.43361855356840473,14228
0.15396638313171584,0.43692876439313555,14234
0.09027103528237157,0.048203272089987426,14237
0.8477129473602233,0.383983905686641,14243
0.40166100194153165,0.74737056739439,14249
0.2761929710515294,0.8754310579310006,14252
0.3610617024403029,0.1035232749337216,14253
0.008629305343570204,0.31690921420436735,14259
0.6432126269473918,0.8885050183530258,14271
0.2896829658537471,0.20508709270353087,14281
0.5227921129087257,0.08381090965281024,14289
0.8457969995711179,0.7144455683239195,14294
0.8076983968700934,0.3512099291082039,14298
0.44267637801274506,0.8013570829742234,14302
0.313194320257835,0.33435312570396636,14328
0.6694367225993686,0.4729742615064537,14347
0.778766156048961,0.06672496690416108,14382
0.23617636649860674,0.7215489464549532,14396
0.11102640650120499,0.953482346328724,14406
0.6531714663254249,0.7166135317977446,14418
0.5963809878276856,0.3211862047101278,14438
0.5155043630052644,0.7896455064129471,14449
0.3434378770231724,0.08953319858462805,14463
0.91702436271834,0.9711577661560129,14478
0.6995825436334833,0.14005909722324494,14489
0.29266484769663226,0.6019602386763168,14493
0.807749521875765,0.30732197866504507,14507
0.48880019451949286,0.8992275917529275,14509
0.10708103144834602,0.808960650466493,14511
0.3070072871490541,0.47461269099859515,14532
0.09417147810795057,0.9408985130899093,14537
0.20664042028097185,0.2911802866320523,14547
0.26404786002805924,0.1499712472194381,14551
0.6598272675856692,0.12814437069294882,14555
0.514575676475527,0.8361733128572071,14559
0.9189561908949689,0.5623927506829102,14571
0.7688664178644257,0.26997384885559106,14590
0.559404776997489,0.15181255870186483,14594
0.6611740565476709,0.06903433622908772,14607
0.9603693352959692,0.6318505070221347,14612
0.8188371423436964,0.7024163593310843,14617
0.8507178847895742,0.6133283716709176,14631
0.44499974873796044,0.0007305593893071061,14636
0.6387837455130418,0.5409032091958546,14638
0.005142348646140937,0.09574574664928526,14654
0.9066006879462555,0.010671188573089907,14699
0.9402293150501744,0.4125953976983854,14733
0.07814177835153635,0.5525546422668478,14738
0.7769348288208174,0.49632039429075236,14742
0.49521723855438116,0.423265994763778,14743
0.6184967063746394,0.6917327663282447,14747
0.5996835356756647,0.04787898423250048,14754
0.7094940849448819,0.7267277602192326,14765
0.9925755152682352,0.3171597217169315,14767
0.9688660346445351,0.9953534165488469,14779
0.7622940854356887,0.4230546818156048,14782
0.020000648181583758,0.5636436917280473,14789
0.1730521911029249,0.5628900975485082,14795
0.562063704062732,0.970928217984224,14798
0.5478188696168018,0.5395009115274173,14801
0.2536490216174785,0.9423627098382247,14806
0.056372326398263395,0.7434629046355666,14810
0.3651524187941747,0.17158430766185184,14812
0.30400454882686057,0.730810903340853,14822
0.030179546788815848,0.2563694853633188,14823
0.9621880771834999,0.9645382821276328,14845
0.20055086532124244,0.5864548284148408,14847
0.5753698921747534,0.9923287394564314,14857
0.10730123113310686,0.006677533159094473,14867
0.27012861052286574,0.6472158590528051,14878
0.5357458964688351,0.8144606836877819,14880
0.10924986730708786,0.6344149437239206,14884
0.06402871435866031,0.34102285003433686,14889
0.41236058015115495,0.12269407183915537,14903
0.8603989560925842,0.4215364420235711,14919
0.34301141065436525,0.6034201869722714,14927
0.3167401569726246,0.014949496662248318,14979
0.9777765446585609,0.14490148460644425,14982
0.19637572297983263,0.21535330120567453,14995
0.3093084158088446,0.35829077787559527,15000
0.5134484596830801,0.9175978470882192,15002
0.4444766747151062,0.9557680061037287,15006
0.9315856462087164,0.8464554675702256,15025
0.2233172283643543,0.49098739076548603,15028
0.02015777925335993,0.8393275120519385,15029
0.6530053736469533,0.29431811179136214,15030
0.25147122941982747,0.577018212693125,15056
0.4717635710872825,0.5053642917812066,15111
0.7027047787440718,0.2575625033948593,15140
0.24933291493099718,0.2907827418032416,15154
0.07458654471943593,0.27178175236321456,15157
0.36393471319240844,0.17301917263966282,15162
0.5875913051071652,0.9247998732601156,15163
0.3877325782794834,0.05952786472852478,15164
0.6183017585928353,0.39955789227900373,15176
0.955507820447096,0.37855632837087383,15190
0.3622987139052769,0.6899094089200397,15254
0.6205324224026746,0.6779950116083826,15261
0.24168354269857062,0.09530269340694786,15276
0.055280296433370735,0.96306756856055,15300
0.5048960779861121,0.9565428372153135,15301
0.2195457054839105,0.20113673410545818,15314
0.6815268909822217,0.06517755851795304,15323
0.03459826454894277,0.511536250295732,15330
0.6296266551537703,0.9268208318126347,15337
0.3018765839139531,0.6387024514534875,15351
0.63619623661601,0.5060132221252035,15381
0.5079505403068201,0.19151796243537456,15389
0.8531376357750112,0.26820586230224297,15391
0.5837344053131367,0.33439945281539174,15394
0.9395942220765252,0.11548748139863263,15395
0.40218216837989906,0.17874932749227002,15414
0.44296534425066303,0.06932858330671754,15437
0.42292325213046833,0.49941807821527173,15462
0.5959912415823952,0.7192913492477253,15466
0.9562458828411838,0.7035800640208018,15468
0.05624041693644133,0.695641969591663,15471
0.4676220522456128,0.06251426692926365,15477
0.5564957588653022,0.376373722119164,15489
0.0373385674823733,0.7423412249878751,15492
0.16147973177231834,0.04556195923877049,15502
0.46228080047040077,0.46911286071730895,15503
0.833009141746296,0.2914575757575033,15509
0.24147037697987128,0.1636029180617975,15522
0.6392809111662112,0.11262949753405993,15528
0.8698791923868235,0.0640260999326242,15544
0.8904135557020624,0.07114186047257243,15545
0.11882583039721772,0.2393780546798252,15548
0.39843061840832505,0.3049950565107663,15579
0.3902494697742256,0.40694985497563074,15586
0.4940488380556509,0.8666806085308303,15598
0.3849938024045937,0.39756233828247267,15606
0.9803112934738202,0.8534132107037693,15609
0.08786656021554484,0.00016505481313622283,15614
0.5946888291093317,0.6615131554556666,15619
0.48591800762016113,0.08210561910691161,15623
0.664222770216093,0.8592980332525622,15644
0.303306819097229,0.7901584673757568,15660
0.8319228414774972,0.16471218029018064,15662
0.7803174162376276,0.9204445666407447,15665
0.36050734007436547,0.3712081938855363,15666
0.7332178901658666,0.368162396061244,15689
0.4987065660708647,0.41535038664654045,15690
0.6509159333709684,0.16888498331873802,15692
0.3512183113365076,0.21387736440040628,15693
0.4113764994979525,0.6558535165816693,15696
0.47359241000831953,0.7006936347019587,15710
0.40743847093399577,0.4368281799874122,15713
0.7803462386555863,0.3687971817214232,15716
0.9106059634569289,0.863701315659537,15734
0.7589794470137955,0.32340447006081596,15747
0.44801419617954763,0.4994164642943336,15756
0.07257947882967208,0.004141718335028632,15757
0.6806708748618445,0.6428855983259947,15758
0.21989693756902495,0.4474989790074324,15759
0.23943290270602158,0.7217556821421529,15765
0.1713969521012667,0.1902326462808419,15775
0.03764095337219442,0.5368833598999255,15794
0.2815906169578093,0.9390482245688077,15799
0.12939476414408435,0.191447249259854,15809
0.6424197772748933,0.25539732567721574,15830
0.9666548871291635,0.5392710987742558,15842
0.4024296575550902,0.7141480837249289,15849
0.44057656781199916,0.2565300897315458,15864
0.23068933171914774,0.3449489238866775,15865
0.12604859648607236,0.9784441271275586,15869
0.7140329346903149,0.499088020921714,15870
0.632062943339061,0.7397687106160408,15875
0.22422883591525655,0.6149260204118915,15877
0.1841234333542634,0.6200919241997751,15886
0.2719261245540605,0.48968623104551356,15897
0.7807247203814088,0.9192027111900567,15908
0.528012316994873,0.5901813017625765,15913
0.3408747944244871,0.9201719381237755,15922
0.2603161309729345,0.10391785309501944,15925
0.41318736623096575,0.3593902839141244,15940
0.12260894019792079,0.9699858460588068,15950
0.817675795828754,0.32892988987526306,15980
0.9578349508076874,0.5864952530211277,16010
0.6446124184696921,0.5669187625793427,16020
0.2660174731353866,0.2523996127565,16042
0.9239032790268467,0.8519450479635806,16043
0.20896630382588044,0.3297534354116226,16051
0.9270650376794932,0.9860183594383992,16053
0.4953367321315131,0.5613276979276954,16068
0.7238728021568752,0.3843920553692791,16069
0.33833768744620263,0.9687370214801927,16074
0.5644625361014056,0.08179062597351994,16088
0.7834493600041893,0.10352784864810849,16110
0.49429574303303325,0.5484694311445801,16116
0.0936739487563073,0.6561872773390047,16118
0.2738160212051207,0.21703882082176562,16123
0.8804167582973197,0.9592602967407905,16126
0.7105429000064354,0.5657126541859739,16129
0.6472658358535565,0.004434254663295278,16132
0.9693143362292017,0.0014777101485794475,16134
0.9519554811173755,0.39782896442138727,16136
0.9767616377881065,0.6948642455376324,16145
0.9007001548386027,0.23822761554524585,16152
0.5833038408694754,0.8756862075058162,16160
0.9274194969078026,0.4250027344796,16163
0.06415630575849796,0.8821441938166514,16169
0.1022873554267939,0.39215216768977446,16171
0.7320544799327353,0.8980739494356965,16207
0.32426687017116473,0.4435377051696139,16223
0.6162608018488077,0.17938846869037361,16231
0.8415696567119038,0.5506061344435552,16237
0.595494638382364,0.009821185601947446,16263
0.7311950646119162,0.010558219873053831,16268
0.5351981666069038,0.022272314362787093,16269
0.6266502171555224,0.4880696665538895,16280
0.025825532365633785,0.7327964794143074,16286
0.08438059792360042,0.44500609400717417,16289
0.26002906806423887,0.6342693490327393,16322
0.32504496875171296,0.06589980897285586,16323
0.3356121947931643,0.8698637161488378,16328
0.733419108107054,0.7889615623916196,16329
0.08270263948758683,0.46664007058856427,16339
0.8742032488212669,0.005676049152786633,16347
0.5256561471492366,0.754659797239237,16348
0.054270015927255666,0.7809645379625857,16355
0.9439756643049831,0.2854347586428807,16356
0.830379957148014,0.9454173391047631,16362
0.15384974523763595,0.339906308755647,16388
0.046276975466835735,0.13852917318354108,16390
0.5286697413508197,0.1915945587364578,16393
0.2455484099280838,0.8350267058361365,16401
0.41876780873945985,0.9882889971459001,16409
0.29195313168021764,0.6357750850201381,16419
0.425598041520752,0.12875248093580582,16430
0.07141580570852746,0.4538028699945754,16450
0.2586042281286831,0.5319264059789571,16460
0.43935734476356236,0.42345088177506296,16466
0.8472897140445371,0.7774957263028804,16467
0.21842551146855016,0.9637218732895754,16472
0.25361459972418443,0.7688700353285244,16499
0.23332266600762153,0.961368661481894,16533
0.30595464404304473,0.5940201743695096,16551
0.023755401009339927,0.16690227366935229,16562
0.3782259019598505,0.7818825241242852,16570
0.39317238163053636,0.3703405037465817,16578
0.5969692430685654,0.6563598735818574,16580
0.3195728059651821,0.643465927625012,16582
0.3474543311788656,0.11791709656499139,16597
0.22599475038481598,0.5948581470946857,16604
0.04414846285787466,0.25763570131416713,16688
0.21637675226686337,0.5064540568298875,16693
0.2510823176774294,0.7689237517869746,16694
0.5035207506671477,0.27484590607904014,16697
0.7235540246076362,0.2802248026062619,16720
0.401200229591139,0.5780356389297682,16730
0.9861786898436187,0.6970858037864806,16754
0.08194683704222683,0.48612027220240106,16759
0.6161636153388523,0.9153026611473032,16767
0.4825358903867608,0.2657005423843187,16781
0.8780767734883755,0.6172272234328899,16784
0.3986942522403619,0.26601352860747396,16793
0.1328297989487558,0.8788940315888122,16794
0.09113950537363025,0.9861212139245853,16822
0.8522121415213743,0.8105107553873154,16833
0.04511287614295534,0.32163594057263944,16834
0.9610426393159515,0.5971808579659024,16838
0.2851826692985765,0.15999068517705917,16842
0.7107091370005179,0.10372458314120592,16862
0.3638505976575114,0.5220900422998267,16876
0.03828209149371187,0.47918799162551007,16880
0.38416671296825133,0.4787390535774185,16885
0.056418933503269875,0.840036458893519,16899
0.8521916566403696,0.6065662596633189,16909
0.7996917981557747,0.02079406136015627,16924
0.3891788641396875,0.4289147508719906,16936
0.3683527187557627,0.42039162607484915,16952
0.8883779481556007,0.008509736059405415,16956
0.9380521559005666,0.4574757688420198,16968
0.5963274225257886,0.5196785583403519,17001
0.04904645224232984,0.7626534432423453,17002
0.6108575363584744,0.5053012918422604,17004
0.5995871062761989,0.017139657460609525,17006
0.17401754938889435,0.07857065979254985,17009
0.948124571679405,0.5339426378702999,17025
0.10623466401662296,0.3253124674556588,17040
0.5255698239519694,0.12289828758271004,17049
0.5700970589791499,0.9717992527358988,17059
0.812246547750159,0.08736029611356955,17074
0.9659816461100859,0.8034976717123585,17079
0.8211521964428838,0.8527894839395894,17082
0.7087419090696117,0.4737663330400099,17085
0.7726356409929567,0.6759920851405756,17101
0.9317104082625476,0.4673450869623266,17112
0.8846545198826511,0.3448861839758742,17123
0.8262344529251755,0.4045008568381093,17124
0.32191490898582276,0.7883600585405015,17125
0.19167537990816252,0.8158425738889349,17134
0.7007953129075469,0.29107383742928317,17139
0.1007980848022022,0.3571561651740698,17143
0.29925514371169537,0.6687612669778538,17147
0.0047877366588677805,0.28508133951976145,17161
0.8417825397454581,0.5084961211136929,17181
0.06008344927950271,0.10618291506938105,17182
0.09954894470687092,0.43666438929512963,17183
0.8208733460238221,0.60628719161482,17185
0.5338251410678111,0.776320623077789,17199
0.4787662813995235,0.4180674801056322,17238
0.17818556060225144,0.29729126680161844,17255
0.2627615143826014,0.23579768232150677,17257
0.9990363451720795,0.3058365305941734,17263
0.5500947104572089,0.3453851111979517,17269
0.5865112755031728,0.4477585323668827,17275
0.19735975521691573,0.8901471915955316,17284
0.2559162602455072,0.35111693745863115,17285
0.5845814903880453,0.3318856581032076,17294
0.689104803306742,0.08414534985230149,17321
0.7877596929941051,0.5536271277726451,17325
0.9008454299983407,0.7489191678598858,17371
0.09813105483290419,0.5794836591670897,17378
0.3493169802071261,0.6847657078703457,17393
0.31995467326066573,0.05338180490026356,17399
0.5110999466655142,0.21497701131910685,17412
0.4694060615094199,0.9115898341074681,17413
0.8461306685846591,0.20642646946221832,17414
0.3599503954458161,0.07241365073679629,17427
0.20834956536689442,0.7948927601836824,17436
0.011345073317474141,0.14400155739728027,17459
0.9971430735219823,0.5827340674409293,17494
0.6842311189379064,0.8992851474424791,17498
0.9909835939275582,0.3558070365281407,17524
0.6393399829702682,0.24920966511294118,17534
0.8654133963974253,0.0369828987419456,17547
0.19035946829499817,0.6443971933137747,17550
0.45462840009687544,0.22307631910381231,17567
0.48026795521795307,0.6010692804738853,17571
0.6030095542937899,0.7193218014168772,17590
0.8143516087177317,0.6629445487398609,17593
0.37290306204803436,0.8716290381516715,17606
0.8366836827930076,0.447114168595411,17610
0.9800152599757034,0.5408848421647298,17622
0.4121312040096097,0.7802766180693887,17647
0.1742004439236251,0.43299916613682554,17651
0.36981551277550484,0.5600150332043,17673
0.28074992533962184,0.47434560249172586,17692
0.7505312943956023,0.36435809935404817,17696
0.9026794368577216,0.0969343145867011,17715
0.8128505614776315,0.49870889863386414,17719
0.7089364180707459,0.9796852306018274,17742
0.1369600807203034,0.7838765596159967,17766
0.10259391960965614,0.1438030029984917,17786
0.6255604212403086,0.1652786749646915,17790
0.31777167928760797,0.3176938505775625,17800
0.2025436927137786,0.42591293583923506,17821
0.5000675035709936,0.1616942235354054,17831
0.3032020848216773,0.7037176160247773,17832
0.08673284153762151,0.37223460116663953,17837
0.05945262153452868,0.8980309800240948,17848
0.5095872379590268,0.11285045752596834,17854
0.6305670218717743,0.8942952793453078,17900
0.8795556831080998,0.5860479804870115,17901
0.07820460962074793,0.8283970577671411,17906
0.8073118987672525,0.7234808593394548,17914
0.1365602530518626,0.7148071946663797,17915
0.9440123918050923,0.7062861298679738,17925
0.7825959368984284,0.35957247319484564,17931
0.2883178121711474,0.9082611999232625,17964
0.4609426093782353,0.7161439155450354,17970
0.843979826299938,0.08411279580046216,17975
0.9571821256938057,0.8921651224294354,18022
0.5163582253043345,0.8991850457416679,18028
0.5426388878771752,0.4513729317804255,18037
0.8644059388960623,0.6734530468316446,18042
0.13398381102715406,0.49534352049351105,18049
0.22010705944488795,0.8631760176584939,18052
0.05312706593513994,0.7374888258788981,18054
0.9037893429349935,0.6033661239370374,18090
0.1957753993052449,0.16660500685099355,18113
0.34221552195732863,0.43593968274332817,18115
0.29269008876112057,0.3917356378271192,18141
0.4707616454941621,0.20087968059349715,18150
0.898388579429723,0.24364907295794413,18152
0.18280284842381989,0.37893077986928625,18183
0.6623561874927809,0.5640735147846179,18195
0.309678213448885,0.6806073222981405,18207
0.8911020464919698,0.1811043814801636,18213
0.41480999762982906,0.6163181636561554,18217
0.5446398156272441,0.5265004181162038,18235
0.770336888614772,0.34694652220652267,18250
0.47518219384299465,0.42436483192115115,18274
0.09214595622668298,0.7478200622680248,18276
0.935171725763939,0.9044669849753318,18302
0.6291317746066336,0.9849311268605034,18321
0.20513284146649835,0.5516940001869834,18323
0.6717055672733203,0.9220325905675991,18329
0.7204357005178802,0.46333084682259285,18332
0.5148158186179476,0.480283063537973,18345
0.031840359996761824,0.66796982024761,18364
0.8560033333021714,0.31190421366915866,18393
0.685440041337119,0.511472350741013,18395
0.22711514816031408,0.9814489541627116,18405
0.6945060273908193,0.1061375702975258,18408
0.3669639739940913,0.15371986568115437,18418
0.05766768465850225,0.4043762256835406,18421
0.39785929512642204,0.6407121159507241,18429
0.9906527725776376,0.011488470749891344,18438
0.21097192501918904,0.18762110542784005,18443
0.3426545006626075,0.8341450457583189,18453
0.21158250023731073,0.2639651329225079,18462
0.2527601186768943,0.9676032272955557,18469
0.37732845298806983,0.9149803584081522,18490
0.35275485516744975,0.3704634701362659,18494
0.019635970534445768,0.10154984691716318,18498
0.9506553809351129,0.3498376807497938,18508
0.1780034779166293,0.7430080993091583,18516
0.34876576441495344,0.7176474766217661,18529
0.7140594139512355,0.6743834886733365,18534
0.29580834462410843,0.5100592936843431,18540
0.2024733937126364,0.28699400415461274,18546
0.8091004479591554,0.723208089577128,18548
0.7906042172166334,0.5932842666217533,18552
0.1415321811634167,0.46859130469193067,18566
0.9615269760247473,0.6319833780394265,18577
0.274285247737573,0.9555234265945659,18594
0.5523164008345973,0.5683056673790055,18602
0.21981428086316734,0.11889961575813224,18605
0.3535763882570171,0.3078286555572638,18618
0.4513593119795509,0.7416173152495407,18637
0.37864401546910864,0.7183542934089289,18641
0.2712433414783064,0.7760148978272366,18651
0.5427091478879489,0.3690389472358997,18659
0.3239482600421728,0.7109835054235712,18669
0.0406492020625433,0.21647231099055164,18677
0.48678219523320576,0.9804701583305209,18693
0.5699549860240762,0.8764367712579009,18695
0.9720120928189361,0.9575020706160564,18706
0.14058084465248566,0.3919099792851628,18718
0.9985277668565776,0.16931951101066123,18772
0.9189393722036017,0.030579622844897014,18780
0.7322982799989698,0.3112810430943247,18782
0.16185249441059768,0.04629360329380472,18790
0.8956385631990903,0.1728974495641885,18806
0.7511830644967703,0.7336156260589579,18815
0.5375877505920884,0.5105002927772829,18849
0.9935763587809815,0.6143005350258148,18852
0.6037070690667328,0.5343496435144311,18854
0.01019053325408581,0.24544794200833064,18857
0.3741957118815812,0.22236477195405335,18875
0.2706750198953174,0.16987666304160054,18892
0.6255357003055032,0.9744463543714026,18910
0.2524676226826331,0.60047486411695,18913
0.8160760767502728,0.7509896492072974,18915
0.7938588385862414,0.8677122963282492,18920
0.8454524641799115,0.30502957786880947,18922
0.4269870148250935,0.26944122389485003,18943
0.1261439786918378,0.1440053559854685,18960
0.14988646638112157,0.7341705037657311,18967
0.04168486669150373,0.8891003796250254,18968
0.7247982605962019,0.12767957379413386,18974
0.37083358753257,0.7363311126511518,18995
0.3014515140231835,0.32747005035261534,18998
0.2979648116492134,0.09390122651058763,19012
0.5994872967201611,0.4698434587354491,19026
0.8238425597889997,0.242370004313596,19043
0.8991474812410235,0.3443805210929799,19069
0.39510684368103355,0.9097664638831592,19071
0.7247096005515392,0.04841004969578799,19077
0.48330082070609814,0.3294847801915325,19079
0.3139034865674424,0.1770017881327134,19086
0.9606047621670647,0.6170235191081315,19090
0.23046131030156958,0.051375724426713565,19094
0.5518688529450467,0.6401098760992946,19096
0.7528886766767071,0.08027174090412104,19100
0.0988893725398089,0.4091283522473086,19112
0.1441526366666539,0.017207503372731248,19126
0.9171757511020201,0.4560218516325528,19133
0.6087106964462015,0.9618985602826968,19167
0.5367791489895668,0.3011749479072493,19179
0.2780589586012959,0.25839671585260493,19201
0.6012181465451646,0.14541284418652622,19207
0.008837050836760119,0.6269081342707287,19213
0.11850064212834799,0.7757215739314381,19214
0.5657593670993019,0.4749136605947687,19227
0.5292478282115602,0.5520537025276567,19261
0.22284900222582993,0.7868352221003682,19284
0.7512752657046844,0.19054270592374345,19317
0.1218358020222643,0.5425496648102475,19335
0.5668838476269744,0.5662650650029635,19346
0.20055820875226327,0.381774876878632,19347
0.3642857470019393,0.790481827199781,19359
0.31770126881167504,0.9107279649306769,19396
0.2696730347804619,0.5097104526734579,19401
0.7318234737058454,0.25065693016419344,19417
0.20747524442703358,0.1644517872492538,19419
0.5767788792266818,0.3626051338666737,19435
0.16295150773865374,0.9950000036225157,19442
0.7612427302613529,0.01015013824276112,19445
0.45677424970280267,0.9382292204914264,19447
0.8343281026244573,0.46170760892312535,19454
0.7086524648164411,0.10701013390496905,19476
0.2810374867017158,0.5367708057283213,19477
0.5784994531682389,0.7423659925035642,19479
0.7439326787968413,0.3577513414236634,19486
0.4535330656062747,0.9131274553675706,19492
0.1269935112085152,0.6032347467036169,19495
0.6229342334055786,0.3215597056208995,19553
0.845331408132441,0.9254547877458573,19563
0.11902522864005416,0.13970392814839017,19574
0.13473187278734122,0.9486407820939889,19582
0.8748900111554114,0.697072856768224,19589
0.8059611951944347,0.6775839663310109,19596
0.5453444876934143,0.14005171931755966,19601
0.9552737382592611,0.43921155463418615,19630
0.049144324090324654,0.6584529884605517,19653
0.14271535327049756,0.016648157783250572,19654
0.34695654150528976,0.44735232592454155,19656
0.42456990345677015,0.5566257675104329,19664
0.9045886436222306,0.3577290773613222,19670
0.5546610799423721,0.5157068732204061,19680
0.6620612219274149,0.20271362186871889,19711
0.8193654600365287,0.883743839377757,19725
0.8615024374969321,0.5799599120404885,19731
0.906389569764316,0.8416328084414326,19747
0.31026371760382987,0.5085379075189204,19755
0.5784214497878413,0.10528038394079964,19759
0.0949757735414557,0.34410486537099916,19765
0.020817567945969673,0.03867578300537289,19782
0.779187438302884,0.2601301919328518,19790
0.1850611461809598,0.2396227032323448,19798
0.012794590918666526,0.669420258543686,19843
0.1284363759625754,0.009072070740530846,19846
0.35619125590282086,0.36178999548662905,19847
0.6497401089976953,0.41410685720483953,19851
0.6981018733026896,0.6256440111168845,19854
0.6915492790984422,0.8690546181041929,19857
0.7583123977746377,0.8968454294224597,19867
0.7203847398801793,0.3041522864715246,19868
0.3673154675480279,0.16755568113459296,19877
0.23632654184624824,0.9917718484479033,19893
0.937522915845921,0.9149261308011566,19921
0.4701866472422348,0.8715273150520221,19928
0.3142388108661852,0.46703630660309403,19932
0.12751794634102853,0.45641711621073944,19933
0.35371148545117836,0.538942459618623,19947
0.7723851443299684,0.6211742535857762,19960
0.5293340945466242,0.21512694057472104,19984
0.5620021998573773,0.1360834724781833,19987
